order_id,customer_id,product_id,order_date,quantity,unit_price,payment_status
1001,21,105,2028-03-29,1,1999.0,Paid
1002,71,109,2025-03-04,2,2499.0,Paid
1003,86,105,2025-09-12,5,1999.0,Paid
1004,42,101,2026-10-14,2,249.0,Pending
1005,24,107,2026-04-05,3,799.0,Paid
1006,40,106,2027-12-16,2,349.0,Paid
1007,54,108,2026-09-10,2,149.0,Paid
1008,90,109,2026-08-28,5,2499.0,Paid
1009,66,107,2027-06-27,5,799.0,Paid
1010,97,103,2025-05-22,5,1299.0,Paid
1011,83,102,2025-07-04,2,599.0,Paid
1012,98,107,2026-07-14,5,799.0,Paid
1013,90,110,2027-01-13,4,499.0,Paid
1014,18,101,2026-06-02,1,249.0,Paid
1015,98,105,2026-02-17,3,1999.0,Paid
1016,53,103,2027-04-23,4,1299.0,Paid
1017,70,109,2026-07-31,2,2499.0,Paid
1018,92,105,2026-07-10,5,1999.0,Paid
1019,20,106,2026-07-11,2,349.0,Paid
1020,25,101,2027-12-15,5,249.0,Paid
1021,33,102,2025-07-31,3,599.0,Failed
1022,49,104,2025-11-18,1,89.0,Paid
1023,5,102,2027-06-27,1,599.0,Paid
1024,96,109,2026-08-17,2,2499.0,Paid
1025,44,109,2026-04-26,2,2499.0,Paid
1026,60,107,2028-02-22,2,799.0,Failed
1027,1,105,2025-08-23,4,1999.0,Refunded
1028,90,106,2027-10-15,4,349.0,Failed
1029,51,102,2027-06-23,2,599.0,Paid
1030,83,101,2026-04-28,5,249.0,Paid
1031,63,104,2026-04-27,1,89.0,Paid
1032,85,101,2027-01-12,2,249.0,Paid
1033,33,106,2025-08-13,1,349.0,Paid
1034,87,108,2025-10-24,2,149.0,Paid
1035,14,110,2028-01-16,4,499.0,Paid
1036,49,107,2026-05-07,2,799.0,Paid
1037,44,107,2026-10-31,3,799.0,Paid
1038,55,101,2026-10-01,1,249.0,Paid
1039,24,102,2026-04-29,2,599.0,Paid
1040,68,108,2027-03-31,2,149.0,Paid
1041,17,108,2026-07-03,2,149.0,Failed
1042,50,108,2024-12-13,5,149.0,Paid
1043,37,109,2027-01-29,1,2499.0,Refunded
1044,99,103,2026-09-22,4,1299.0,Paid
1045,91,107,2026-09-15,1,799.0,Paid
1046,91,107,2026-02-11,3,799.0,Failed
1047,17,105,2026-12-30,4,1999.0,Paid
1048,10,108,2027-07-06,2,149.0,Paid
1049,83,101,2025-12-25,5,249.0,Paid
1050,64,106,2025-09-08,1,349.0,Paid
1051,64,109,2026-11-08,5,2499.0,Paid
1052,19,102,2026-05-26,2,599.0,Paid
1053,23,104,2025-01-04,4,89.0,Paid
1054,46,104,2026-04-07,5,89.0,Paid
1055,91,102,2027-11-05,4,599.0,Paid
1056,72,109,2028-01-18,3,2499.0,Failed
1057,22,106,2026-10-28,2,349.0,Paid
1058,91,105,2026-06-23,4,1999.0,Paid
1059,58,101,2026-05-21,4,249.0,Paid
1060,51,102,2027-10-15,1,599.0,Paid
1061,89,105,2027-11-05,2,1999.0,Failed
1062,87,104,2025-03-23,3,89.0,Paid
1063,16,109,2026-03-08,3,2499.0,Paid
1064,58,109,2028-01-06,1,2499.0,Paid
1065,12,105,2027-04-17,1,1999.0,Failed
1066,48,105,2025-05-04,1,1999.0,Failed
1067,57,103,2027-02-21,3,1299.0,Paid
1068,66,106,2026-06-09,2,349.0,Paid
1069,95,109,2027-02-23,4,2499.0,Paid
1070,15,102,2025-07-26,4,599.0,Pending
1071,38,101,2026-05-12,3,249.0,Pending
1072,19,105,2026-10-05,2,1999.0,Paid
1073,2,107,2027-05-25,5,799.0,Paid
1074,95,103,2026-08-14,5,1299.0,Paid
1075,74,110,2025-11-22,5,499.0,Paid
1076,63,101,2025-01-10,3,249.0,Paid
1077,98,106,2024-09-26,2,349.0,Paid
1078,34,102,2027-08-25,3,599.0,Pending
1079,32,110,2027-01-29,2,499.0,Failed
1080,82,103,2025-06-20,2,1299.0,Failed
1081,95,103,2026-06-23,3,1299.0,Pending
1082,12,104,2026-11-22,3,89.0,Paid
1083,98,107,2024-12-05,1,799.0,Pending
1084,84,104,2026-11-14,4,89.0,Paid
1085,70,104,2026-06-25,1,89.0,Paid
1086,65,106,2025-10-29,3,349.0,Pending
1087,41,106,2026-07-01,5,349.0,Paid
1088,64,106,2027-01-08,1,349.0,Paid
1089,24,103,2026-02-08,5,1299.0,Refunded
1090,43,101,2026-01-05,1,249.0,Paid
1091,65,106,2025-09-04,4,349.0,Paid
1092,93,102,2027-09-30,4,599.0,Failed
1093,81,105,2026-09-04,1,1999.0,Paid
1094,35,109,2026-01-07,5,2499.0,Paid
1095,86,104,2026-07-07,3,89.0,Paid
1096,31,106,2027-01-26,5,349.0,Paid
1097,30,105,2026-03-18,5,1999.0,Paid
1098,41,106,2026-11-11,4,349.0,Paid
1099,64,103,2027-01-26,2,1299.0,Paid
1100,79,103,2026-12-08,5,1299.0,Paid
1101,83,109,2026-07-06,1,2499.0,Paid
1102,49,107,2025-08-11,5,799.0,Paid
1103,86,108,2025-07-15,4,149.0,Paid
1104,1,109,2025-09-05,4,2499.0,Pending
1105,42,102,2026-05-08,3,599.0,Paid
1106,67,110,2028-01-14,3,499.0,Paid
1107,33,105,2026-03-09,2,1999.0,Pending
1108,86,101,2025-01-17,1,249.0,Paid
1109,4,110,2027-01-15,1,499.0,Paid
1110,95,110,2028-03-03,2,499.0,Paid
1111,17,108,2026-10-19,4,149.0,Paid
1112,53,101,2027-12-05,1,249.0,Pending
1113,25,103,2027-01-30,5,1299.0,Paid
1114,85,104,2026-10-28,1,89.0,Paid
1115,23,109,2026-02-14,5,2499.0,Paid
1116,74,110,2026-02-05,5,499.0,Paid
1117,88,108,2027-10-14,2,149.0,Paid
1118,5,108,2027-03-25,3,149.0,Pending
1119,74,105,2026-08-23,5,1999.0,Paid
1120,44,105,2025-08-27,4,1999.0,Paid
1121,85,104,2026-01-23,3,89.0,Paid
1122,75,102,2027-08-13,2,599.0,Paid
1123,86,103,2025-09-16,2,1299.0,Paid
1124,89,106,2027-07-27,5,349.0,Paid
1125,58,104,2026-05-10,4,89.0,Paid
1126,15,101,2027-01-23,5,249.0,Paid
1127,67,106,2026-04-12,3,349.0,Pending
1128,74,109,2026-01-12,5,2499.0,Pending
1129,21,108,2026-12-24,2,149.0,Paid
1130,95,101,2027-10-08,4,249.0,Paid
1131,55,107,2027-05-06,2,799.0,Pending
1132,8,110,2025-07-22,5,499.0,Paid
1133,10,110,2027-01-21,5,499.0,Paid
1134,42,107,2026-02-09,2,799.0,Pending
1135,17,101,2026-03-26,3,249.0,Paid
1136,69,108,2026-07-09,3,149.0,Paid
1137,100,105,2025-12-25,4,1999.0,Paid
1138,8,108,2025-06-05,1,149.0,Paid
1139,79,106,2026-01-07,2,349.0,Paid
1140,32,101,2027-10-07,1,249.0,Failed
1141,95,101,2026-12-19,5,249.0,Paid
1142,59,108,2025-04-26,1,149.0,Paid
1143,62,108,2025-08-01,3,149.0,Pending
1144,49,110,2025-06-28,5,499.0,Refunded
1145,5,103,2026-03-21,3,1299.0,Paid
1146,71,105,2024-10-06,5,1999.0,Paid
1147,97,107,2025-10-29,2,799.0,Paid
1148,24,104,2027-02-18,1,89.0,Paid
1149,62,110,2025-10-25,1,499.0,Pending
1150,19,101,2026-07-24,3,249.0,Paid
1151,47,106,2026-07-18,1,349.0,Paid
1152,84,101,2027-03-16,4,249.0,Pending
1153,40,107,2026-08-31,3,799.0,Paid
1154,97,103,2026-01-23,4,1299.0,Paid
1155,19,105,2026-06-09,5,1999.0,Pending
1156,32,108,2027-06-13,4,149.0,Paid
1157,64,105,2027-03-06,3,1999.0,Pending
1158,2,105,2026-02-03,4,1999.0,Paid
1159,80,110,2027-08-04,5,499.0,Paid
1160,76,101,2026-07-24,4,249.0,Pending
1161,95,108,2026-12-01,2,149.0,Paid
1162,51,106,2026-12-07,3,349.0,Failed
1163,25,109,2027-03-29,1,2499.0,Paid
1164,17,102,2026-04-04,2,599.0,Paid
1165,82,109,2026-03-05,2,2499.0,Paid
1166,79,108,2027-09-07,4,149.0,Pending
1167,8,105,2025-06-17,2,1999.0,Paid
1168,62,105,2025-08-27,5,1999.0,Paid
1169,81,109,2027-09-11,3,2499.0,Paid
1170,76,106,2027-02-28,3,349.0,Paid
1171,90,105,2026-09-22,3,1999.0,Paid
1172,85,106,2025-10-20,1,349.0,Paid
1173,69,104,2026-06-12,2,89.0,Paid
1174,44,110,2025-10-05,5,499.0,Paid
1175,30,104,2026-02-21,3,89.0,Paid
1176,69,105,2026-06-06,1,1999.0,Paid
1177,82,105,2025-02-27,1,1999.0,Refunded
1178,100,105,2026-06-21,2,1999.0,Paid
1179,98,102,2026-01-01,1,599.0,Paid
1180,39,108,2027-06-08,4,149.0,Paid
1181,34,105,2025-12-03,4,1999.0,Paid
1182,61,107,2026-02-19,4,799.0,Paid
1183,26,101,2027-10-08,2,249.0,Paid
1184,83,105,2026-12-14,1,1999.0,Refunded
1185,23,109,2025-02-25,4,2499.0,Paid
1186,65,104,2026-06-11,5,89.0,Paid
1187,34,105,2027-01-08,5,1999.0,Refunded
1188,89,110,2027-04-13,5,499.0,Paid
1189,7,104,2025-06-26,2,89.0,Paid
1190,32,103,2026-03-02,2,1299.0,Paid
1191,66,103,2026-01-21,1,1299.0,Paid
1192,74,108,2026-07-10,3,149.0,Paid
1193,2,105,2026-08-29,4,1999.0,Paid
1194,65,105,2025-05-13,5,1999.0,Paid
1195,81,107,2026-09-12,1,799.0,Paid
1196,53,103,2027-11-27,3,1299.0,Pending
1197,68,101,2025-12-10,2,249.0,Pending
1198,1,110,2026-10-01,3,499.0,Paid
1199,47,105,2026-01-01,4,1999.0,Failed
1200,21,109,2027-10-07,4,2499.0,Paid
1201,31,101,2026-11-19,4,249.0,Paid
1202,69,105,2027-08-15,1,1999.0,Paid
1203,53,110,2027-12-24,5,499.0,Refunded
1204,74,105,2026-09-28,5,1999.0,Paid
1205,71,108,2025-03-08,5,149.0,Paid
1206,39,103,2026-11-24,5,1299.0,Paid
1207,4,102,2027-02-01,4,599.0,Paid
1208,83,106,2026-04-23,1,349.0,Pending
1209,70,107,2026-10-07,4,799.0,Paid
1210,96,109,2027-07-23,1,2499.0,Paid
1211,84,105,2027-02-17,3,1999.0,Paid
1212,65,109,2025-11-03,1,2499.0,Paid
1213,21,108,2027-11-19,4,149.0,Paid
1214,59,106,2026-06-01,5,349.0,Pending
1215,93,108,2028-01-25,1,149.0,Paid
1216,51,103,2027-10-01,3,1299.0,Paid
1217,22,102,2027-08-11,1,599.0,Refunded
1218,3,104,2026-04-28,2,89.0,Paid
1219,65,109,2024-09-30,4,2499.0,Paid
1220,34,108,2026-02-05,1,149.0,Paid
1221,34,108,2026-03-18,3,149.0,Paid
1222,94,107,2026-08-02,4,799.0,Refunded
1223,33,108,2026-03-18,5,149.0,Paid
1224,6,110,2026-08-22,5,499.0,Paid
1225,41,102,2026-02-05,3,599.0,Pending
1226,75,106,2027-04-06,5,349.0,Paid
1227,78,105,2024-11-09,3,1999.0,Pending
1228,20,108,2027-09-21,2,149.0,Paid
1229,94,106,2027-03-06,3,349.0,Paid
1230,88,107,2027-10-09,4,799.0,Failed
1231,100,104,2025-06-13,5,89.0,Paid
1232,55,101,2026-08-04,3,249.0,Paid
1233,48,107,2026-01-12,2,799.0,Paid
1234,27,103,2026-03-05,5,1299.0,Refunded
1235,81,102,2027-01-27,4,599.0,Paid
1236,86,101,2025-11-30,2,249.0,Paid
1237,4,103,2027-07-18,1,1299.0,Paid
1238,80,106,2027-01-12,5,349.0,Paid
1239,99,102,2027-11-19,3,599.0,Pending
1240,49,107,2026-07-08,3,799.0,Paid
1241,32,109,2027-04-22,1,2499.0,Paid
1242,84,105,2026-11-27,2,1999.0,Paid
1243,1,102,2026-04-19,1,599.0,Paid
1244,6,101,2026-12-11,1,249.0,Paid
1245,12,105,2025-11-23,3,1999.0,Paid
1246,53,104,2026-07-01,5,89.0,Paid
1247,24,103,2027-04-15,2,1299.0,Paid
1248,12,107,2027-06-13,5,799.0,Paid
1249,15,110,2026-10-26,2,499.0,Paid
1250,99,105,2027-11-07,4,1999.0,Paid
1251,66,108,2025-11-15,3,149.0,Paid
1252,18,102,2025-04-23,4,599.0,Failed
1253,64,105,2027-03-01,4,1999.0,Paid
1254,83,105,2026-08-27,2,1999.0,Refunded
1255,16,102,2026-04-23,2,599.0,Paid
1256,65,110,2025-09-18,3,499.0,Refunded
1257,71,101,2025-07-09,4,249.0,Paid
1258,94,101,2027-05-29,5,249.0,Paid
1259,24,104,2026-03-06,5,89.0,Pending
1260,76,104,2026-03-26,5,89.0,Paid
1261,87,103,2026-11-18,1,1299.0,Failed
1262,80,101,2028-02-06,3,249.0,Pending
1263,1,110,2025-03-05,3,499.0,Paid
1264,10,105,2026-03-16,3,1999.0,Paid
1265,68,104,2026-03-26,2,89.0,Pending
1266,51,109,2027-03-27,5,2499.0,Failed
1267,53,105,2026-07-20,4,1999.0,Refunded
1268,47,106,2025-07-08,1,349.0,Paid
1269,35,103,2026-03-24,2,1299.0,Pending
1270,64,107,2027-05-29,5,799.0,Paid
1271,54,101,2026-09-09,3,249.0,Paid
1272,75,106,2027-05-17,3,349.0,Paid
1273,53,106,2027-11-17,1,349.0,Paid
1274,35,101,2027-05-03,5,249.0,Failed
1275,96,106,2028-01-03,5,349.0,Paid
1276,27,108,2026-04-01,3,149.0,Paid
1277,69,103,2026-04-03,1,1299.0,Failed
1278,83,108,2026-03-24,1,149.0,Paid
1279,27,103,2027-07-31,4,1299.0,Paid
1280,95,109,2028-04-14,4,2499.0,Paid
1281,64,107,2025-12-13,1,799.0,Pending
1282,19,107,2026-09-13,3,799.0,Paid
1283,13,104,2025-09-22,4,89.0,Paid
1284,36,106,2026-05-13,1,349.0,Refunded
1285,72,109,2027-06-30,3,2499.0,Paid
1286,16,104,2025-09-23,1,89.0,Failed
1287,16,102,2026-03-25,2,599.0,Paid
1288,58,101,2027-11-09,1,249.0,Pending
1289,24,103,2026-01-21,5,1299.0,Paid
1290,9,104,2027-09-25,5,89.0,Paid
1291,73,106,2025-09-18,2,349.0,Pending
1292,65,101,2026-05-19,3,249.0,Pending
1293,98,103,2025-01-12,5,1299.0,Paid
1294,3,102,2025-02-07,1,599.0,Paid
1295,88,104,2027-04-02,5,89.0,Paid
1296,77,105,2025-04-20,1,1999.0,Paid
1297,65,109,2025-11-21,1,2499.0,Paid
1298,39,108,2027-06-15,3,149.0,Paid
1299,58,108,2026-06-27,5,149.0,Paid
1300,59,101,2026-09-08,5,249.0,Paid
1301,34,101,2027-08-01,1,249.0,Refunded
1302,51,107,2027-05-03,1,799.0,Paid
1303,51,102,2027-06-15,1,599.0,Paid
1304,36,102,2026-02-12,2,599.0,Paid
1305,37,110,2027-01-10,5,499.0,Paid
1306,67,110,2027-05-01,5,499.0,Paid
1307,3,110,2026-01-12,4,499.0,Paid
1308,70,109,2026-03-01,2,2499.0,Paid
1309,19,107,2025-08-12,3,799.0,Pending
1310,65,107,2025-10-29,1,799.0,Paid
1311,12,105,2026-08-13,3,1999.0,Refunded
1312,11,102,2026-08-10,1,599.0,Pending
1313,2,107,2026-02-10,1,799.0,Paid
1314,46,103,2025-09-17,5,1299.0,Paid
1315,13,109,2026-04-06,3,2499.0,Paid
1316,57,106,2026-09-28,4,349.0,Pending
1317,43,105,2025-05-31,5,1999.0,Paid
1318,54,110,2025-11-15,5,499.0,Paid
1319,59,108,2026-10-21,2,149.0,Pending
1320,54,109,2026-07-25,3,2499.0,Paid
1321,81,110,2026-12-04,2,499.0,Pending
1322,60,110,2028-01-06,5,499.0,Paid
1323,52,101,2027-05-10,5,249.0,Failed
1324,51,101,2026-12-16,2,249.0,Paid
1325,82,106,2025-09-02,3,349.0,Paid
1326,51,110,2026-08-11,4,499.0,Paid
1327,80,101,2028-01-24,1,249.0,Paid
1328,13,107,2025-04-16,4,799.0,Paid
1329,18,106,2025-04-23,3,349.0,Paid
1330,79,110,2027-06-19,1,499.0,Failed
1331,26,103,2026-06-10,5,1299.0,Paid
1332,77,105,2025-01-15,4,1999.0,Paid
1333,48,110,2026-04-29,4,499.0,Paid
1334,8,109,2025-10-20,1,2499.0,Paid
1335,39,105,2026-06-06,5,1999.0,Paid
1336,13,105,2026-07-23,1,1999.0,Paid
1337,84,101,2027-12-05,1,249.0,Paid
1338,4,103,2026-04-20,3,1299.0,Paid
1339,43,101,2025-08-09,4,249.0,Paid
1340,5,103,2026-05-22,4,1299.0,Paid
1341,88,109,2026-11-22,5,2499.0,Pending
1342,7,102,2026-03-14,4,599.0,Pending
1343,63,107,2024-10-15,1,799.0,Paid
1344,70,106,2026-01-22,5,349.0,Paid
1345,87,107,2026-03-02,3,799.0,Paid
1346,42,106,2025-12-07,2,349.0,Pending
1347,69,108,2027-08-29,3,149.0,Paid
1348,31,104,2025-07-03,4,89.0,Paid
1349,95,102,2027-11-16,4,599.0,Failed
1350,81,104,2027-02-04,3,89.0,Pending
1351,79,109,2026-02-01,1,2499.0,Paid
1352,36,106,2026-03-31,3,349.0,Paid
1353,89,103,2028-03-26,2,1299.0,Paid
1354,4,104,2026-06-05,2,89.0,Paid
1355,86,102,2026-06-22,2,599.0,Refunded
1356,58,108,2027-12-11,4,149.0,Pending
1357,46,108,2026-04-17,5,149.0,Paid
1358,69,106,2027-09-05,3,349.0,Paid
1359,62,108,2025-02-28,4,149.0,Paid
1360,51,110,2026-12-24,1,499.0,Paid
1361,53,105,2026-04-18,4,1999.0,Paid
1362,80,106,2026-06-13,3,349.0,Paid
1363,36,110,2025-12-15,5,499.0,Paid
1364,55,110,2026-09-26,5,499.0,Refunded
1365,61,108,2026-01-26,5,149.0,Paid
1366,44,110,2025-11-20,4,499.0,Paid
1367,23,108,2024-12-29,1,149.0,Pending
1368,37,102,2026-03-19,5,599.0,Paid
1369,99,104,2026-03-04,4,89.0,Refunded
1370,9,109,2027-08-25,5,2499.0,Paid
1371,12,105,2026-10-13,4,1999.0,Paid
1372,33,110,2026-06-23,1,499.0,Pending
1373,88,106,2028-01-23,1,349.0,Paid
1374,17,107,2027-04-15,3,799.0,Paid
1375,20,110,2027-12-09,2,499.0,Paid
1376,24,103,2027-01-03,3,1299.0,Paid
1377,88,107,2028-02-01,2,799.0,Paid
1378,95,105,2026-08-23,5,1999.0,Paid
1379,1,103,2026-01-01,5,1299.0,Paid
1380,48,107,2026-11-04,5,799.0,Paid
1381,35,105,2027-01-12,2,1999.0,Refunded
1382,68,108,2026-09-12,2,149.0,Paid
1383,10,103,2026-05-03,1,1299.0,Paid
1384,20,109,2026-05-19,5,2499.0,Pending
1385,11,101,2026-10-03,3,249.0,Failed
1386,49,103,2026-10-02,5,1299.0,Paid
1387,82,103,2025-04-05,5,1299.0,Pending
1388,10,108,2026-06-01,1,149.0,Paid
1389,51,104,2028-02-08,4,89.0,Paid
1390,73,104,2026-04-27,5,89.0,Paid
1391,5,104,2027-03-19,3,89.0,Paid
1392,3,108,2026-03-20,4,149.0,Pending
1393,86,109,2025-09-15,5,2499.0,Paid
1394,50,104,2025-03-11,5,89.0,Paid
1395,17,101,2026-06-04,4,249.0,Failed
1396,28,102,2028-01-07,5,599.0,Pending
1397,45,102,2026-06-24,2,599.0,Paid
1398,66,103,2027-04-15,4,1299.0,Paid
1399,49,108,2025-08-23,3,149.0,Failed
1400,73,101,2026-03-23,4,249.0,Paid
1401,23,107,2025-06-25,1,799.0,Paid
1402,8,106,2025-04-11,1,349.0,Pending
1403,1,106,2026-11-26,2,349.0,Paid
1404,24,108,2026-03-06,2,149.0,Pending
1405,97,108,2026-02-02,5,149.0,Paid
1406,28,101,2026-09-08,3,249.0,Paid
1407,15,109,2025-11-04,5,2499.0,Paid
1408,99,105,2026-05-16,2,1999.0,Paid
1409,91,104,2026-03-29,4,89.0,Paid
1410,59,108,2026-09-16,1,149.0,Paid
1411,83,110,2026-10-10,5,499.0,Paid
1412,92,110,2027-09-02,2,499.0,Paid
1413,33,107,2026-05-06,1,799.0,Paid
1414,95,110,2027-01-30,4,499.0,Paid
1415,57,102,2027-06-19,5,599.0,Refunded
1416,91,109,2026-04-19,5,2499.0,Paid
1417,98,109,2026-01-18,1,2499.0,Paid
1418,79,101,2027-03-11,4,249.0,Refunded
1419,73,101,2025-10-09,3,249.0,Pending
1420,19,104,2025-12-10,1,89.0,Pending
1421,22,103,2027-03-08,1,1299.0,Paid
1422,70,103,2026-10-16,4,1299.0,Refunded
1423,67,103,2027-08-09,2,1299.0,Paid
1424,66,101,2027-02-17,3,249.0,Paid
1425,100,101,2025-06-24,3,249.0,Failed
1426,4,107,2027-02-25,5,799.0,Paid
1427,79,104,2025-12-22,3,89.0,Paid
1428,19,106,2025-02-08,3,349.0,Paid
1429,22,107,2027-04-13,4,799.0,Paid
1430,74,106,2025-12-09,2,349.0,Paid
1431,24,106,2026-10-08,5,349.0,Paid
1432,72,107,2026-09-11,1,799.0,Paid
1433,76,109,2026-02-14,3,2499.0,Paid
1434,70,106,2026-01-24,3,349.0,Paid
1435,54,107,2027-04-10,2,799.0,Paid
1436,68,108,2026-09-22,1,149.0,Paid
1437,45,110,2026-09-02,4,499.0,Paid
1438,43,102,2025-06-06,4,599.0,Paid
1439,42,103,2027-10-12,1,1299.0,Paid
1440,54,108,2027-04-15,1,149.0,Paid
1441,88,106,2026-11-28,3,349.0,Paid
1442,63,101,2026-04-05,5,249.0,Paid
1443,59,106,2026-03-23,3,349.0,Paid
1444,28,110,2026-09-05,2,499.0,Paid
1445,27,106,2027-03-10,3,349.0,Paid
1446,35,101,2026-05-02,2,249.0,Paid
1447,4,109,2026-10-17,1,2499.0,Paid
1448,21,108,2027-02-03,2,149.0,Refunded
1449,30,108,2026-08-30,2,149.0,Paid
1450,41,108,2025-12-03,2,149.0,Failed
1451,57,102,2026-11-02,3,599.0,Paid
1452,34,109,2025-12-17,5,2499.0,Paid
1453,64,103,2026-05-11,2,1299.0,Pending
1454,9,104,2027-08-09,1,89.0,Refunded
1455,66,104,2026-03-28,4,89.0,Paid
1456,78,110,2026-05-28,3,499.0,Paid
1457,51,103,2027-10-03,5,1299.0,Failed
1458,57,105,2025-10-10,4,1999.0,Refunded
1459,66,109,2027-03-11,4,2499.0,Pending
1460,29,102,2027-10-25,2,599.0,Refunded
1461,68,102,2027-07-17,4,599.0,Paid
1462,93,106,2027-10-06,2,349.0,Failed
1463,3,110,2026-02-28,2,499.0,Pending
1464,95,107,2026-10-08,5,799.0,Failed
1465,12,102,2025-11-22,5,599.0,Paid
1466,80,103,2026-10-01,3,1299.0,Failed
1467,24,106,2026-01-02,5,349.0,Failed
1468,98,105,2024-11-05,2,1999.0,Paid
1469,83,105,2026-12-02,2,1999.0,Paid
1470,67,109,2027-12-26,1,2499.0,Paid
1471,35,110,2026-06-27,5,499.0,Paid
1472,56,110,2028-01-16,5,499.0,Paid
1473,17,101,2027-04-21,1,249.0,Paid
1474,74,110,2026-08-27,3,499.0,Paid
1475,35,107,2027-08-14,5,799.0,Paid
1476,33,109,2026-12-03,3,2499.0,Paid
1477,24,108,2026-03-22,2,149.0,Pending
1478,73,105,2026-03-14,4,1999.0,Paid
1479,67,103,2026-06-06,4,1299.0,Paid
1480,38,104,2027-07-16,3,89.0,Paid
1481,41,106,2026-08-05,3,349.0,Refunded
1482,6,106,2026-06-21,5,349.0,Paid
1483,82,104,2025-09-12,4,89.0,Paid
1484,29,104,2027-06-19,2,89.0,Paid
1485,75,107,2026-11-30,5,799.0,Paid
1486,82,106,2025-04-02,5,349.0,Paid
1487,4,103,2026-03-29,4,1299.0,Refunded
1488,55,108,2026-10-01,3,149.0,Paid
1489,81,107,2026-05-25,5,799.0,Paid
1490,23,104,2025-06-30,5,89.0,Paid
1491,90,105,2026-02-08,4,1999.0,Paid
1492,16,108,2026-10-15,3,149.0,Paid
1493,75,107,2026-05-27,2,799.0,Failed
1494,6,107,2027-02-17,3,799.0,Paid
1495,41,110,2025-11-10,5,499.0,Paid
1496,72,105,2028-01-06,1,1999.0,Paid
1497,97,109,2026-01-14,3,2499.0,Pending
1498,54,110,2027-05-01,1,499.0,Paid
1499,43,107,2025-07-17,3,799.0,Pending
1500,95,109,2027-05-11,3,2499.0,Pending
